Handle,Photo,Title,Vendor,Product Category,Type,Tags,Published,Option1 Name,Option1 Value,Variant SKU,Variant Grams,Variant Inventory Tracker,Variant Inventory Qty,Variant Price,Image Src,Source Photo,Image Role,Image Position,Image Alt Text,SEO Title,SEO Description,Color (product.metafields.shopify.color),Fabric (product.metafields.shopify.fabric),Neckline (product.metafields.shopify.neckline),Sleeve length type (product.metafields.shopify.sleeve-length-type),Target gender (product.metafields.shopify.target-gender),Age group (product.metafields.shopify.age-group),Age range (product.metafields.custom.age_range),Fit (product.metafields.shopify.fit),Pattern (product.metafields.shopify.pattern),Top length type (product.metafields.shopify.top-length-type),Pants length type (product.metafields.shopify.pants-length-type),Care instructions (product.metafields.shopify.care-instructions),Set contents (product.metafields.custom.set_contents),Silhouette (product.metafields.custom.silhouette),Work (product.metafields.custom.work),Country of origin (product.metafields.custom.country_of_origin),Variant Weight Unit,Status,Google Shopping / Gender,Google Shopping / Age Group,Body (HTML),Photo
sitara-ivory-georgette-sharara-set,,Sitara Ivory Georgette Sharara Set,VIPASI,aa-1-23-10,Sharara Set (3 pc),"3 Pc Set, Sharara Set, Festive, Mehendi, Sangeet, Ivory, Georgette, Mirror work, Straight, Sleeveless, Square neck",False, ,S,VPS-G01-S,800,shopify,0,0,<BASE_URL>/sitara-ivory-georgette-sharara-set-01-front.jpg,DSC08488 copy.jpg,front,1,Sitara Ivory Georgette Sharara Set - full length front view with dupatta held open,Sitara Ivory Georgette Sharara Set | VIPASI,Ivory mirror-work kurti with a tiered sharara and blush pink net dupatta. A festive sharara set for mehendi and sangeet days. Sizes S to XXL.,Ivory,Georgette,Square neck,Sleeveless,Female,Adults,15-100 years,Regular,Embellished,Hip length,Full length,Dry clean only,"1 Kurti, 1 Sharara, 1 Dupatta",Straight,Mirror work; Zari; Sequin work,India,g,draft,female,adult,"<p>A short sleeveless kurti paired with a tiered sharara and a soft pink net dupatta. The ivory kurti carries round gold-framed mirrors and small gold sequins scattered across the body, with a zari-bound square neckline, while the sharara finishes in a wide gold border. Made for mehendi mornings, sangeet evenings and family festive days.</p>
<ul>
<li>Hip-length kurti with a straight cut through the body</li>
<li>Square neckline bound in gold zari and sequin trim, repeated at the back</li>
<li>Sleeveless, with the same trim edging the armholes</li>
<li>Round shisha mirrors and small gold sequins scattered front and back</li>
<li>Tiered, gathered sharara with a wide gold zari band at the hem</li>
<li>Blush pink net dupatta with a gold zari border, scalloped gold lace edging and sequin scatter</li>
</ul>
<p><strong>Set includes:</strong> Kurti, sharara and dupatta.</p>",
sitara-ivory-georgette-sharara-set,,,,,,,,Size,M,VPS-G01-M,800,shopify,0,0,<BASE_URL>/sitara-ivory-georgette-sharara-set-02-side.jpg,DSC08485 copy.jpg,side,2,Sitara Ivory Georgette Sharara Set - full length view with dupatta falling to one side,,,,,,,,,,,,,,,,,,,g,draft,,,,
sitara-ivory-georgette-sharara-set,,,,,,,,Size,L,VPS-G01-L,800,shopify,0,0,<BASE_URL>/sitara-ivory-georgette-sharara-set-03-overall.jpg,DSC08484 copy.jpg,overall,3,Sitara Ivory Georgette Sharara Set - full length front view with pink dupatta draped,,,,,,,,,,,,,,,,,,,g,draft,,,,
sitara-ivory-georgette-sharara-set,,,,,,,,Size,XL,VPS-G01-XL,800,shopify,0,0,<BASE_URL>/sitara-ivory-georgette-sharara-set-04-back.jpg,DSC08491 copy.jpg,back,4,Sitara Ivory Georgette Sharara Set - back view showing square back neckline and dupatta,,,,,,,,,,,,,,,,,,,g,draft,,,,
sitara-ivory-georgette-sharara-set,,,,,,,,Size,XXL,VPS-G01-XXL,800,shopify,0,0,<BASE_URL>/sitara-ivory-georgette-sharara-set-05-detail.jpg,DSC08477 copy.jpg,detail,5,Sitara Ivory Georgette Sharara Set - full length front view showing kurti length and sharara hem,,,,,,,,,,,,,,,,,,,g,draft,,,,
sehar-ivory-chiffon-anarkali-set,,Mastaani Ivory Chanderi Anarkali Set,VIPASI,aa-1-23-10,Anarkali Set (3 pc),"3 Pc Set, Anarkali Set, Festive, Wedding, Mehendi, Ivory, Chanderi, Sequin work, Flared, Full Sleeve, Square neck",False,Size,S,VPS-G02-S,800,shopify,0,8980,<BASE_URL>/sehar-ivory-chiffon-anarkali-set-01-front.jpg,DSC08505 copy.jpg,front,1,Mastaani Ivory Chanderi Anarkali Set - full length front view with ombre dupatta draped over both shoulders,Mastaani Ivory Chanderi Anarkali Set | VIPASI,"Ivory chanderi anarkali set with a gold trim square neck, ombre ivory-to-pink dupatta and dusty pink churidar. Festive wear. Sizes S to XXL.",Ivory,Chanderi,Square neck,Long sleeve,Female,Adults,15-100 years,Flared,Ombre,Floor length,Full length,Dry clean only,"1 Anarkali, 1 Churidar, 1 Dupatta",Flared,Sequin work,India,g,draft,female,adult,"<p>A softly gathered anarkali in ivory chanderi, cut with a fitted yoke and a skirt that opens into a wide flare. The square neckline is bound in a gold trim border, and the dupatta shades from ivory into pink with small gold sequin dots scattered across it. Made for mehendi mornings, family weddings and festive evenings.</p>
<ul>
<li>Anarkali kurta in pure chanderi cotton with a fitted yoke, gathered empire waist and full flared skirt</li>
<li>9 metre ghera through the skirt, lined in pure cotton</li>
<li>Square neckline bound in a gold trim border</li>
<li>Deep U-shaped back with matching gold trim and a tie-up dori at the neck</li>
<li>Full-length sheer sleeves in the same ivory chanderi</li>
<li>Ombre chinon dupatta shading from ivory to pink, scattered with small gold sequin dots and edged in a matching gold trim</li>
<li>Straight churidar in soft dusty pink, gathered at the ankle</li>
</ul>
<p><strong>Set includes:</strong> Anarkali kurta, churidar and ombre dupatta.</p>",
sehar-ivory-chiffon-anarkali-set,,,,,,,,Size,M,VPS-G02-M,800,shopify,0,8980,<BASE_URL>/sehar-ivory-chiffon-anarkali-set-02-side.jpg,DSC08511 copy.jpg,side,2,Mastaani Ivory Chanderi Anarkali Set - full length front view with dupatta falling to one side,,,,,,,,,,,,,,,,,,,g,draft,,,,
sehar-ivory-chiffon-anarkali-set,,,,,,,,Size,L,VPS-G02-L,800,shopify,0,8980,<BASE_URL>/sehar-ivory-chiffon-anarkali-set-03-overall.jpg,DSC08502 copy.jpg,overall,3,Mastaani Ivory Chanderi Anarkali Set - full length front view showing flared skirt and pink churidar,,,,,,,,,,,,,,,,,,,g,draft,,,,
sehar-ivory-chiffon-anarkali-set,,,,,,,,Size,XL,VPS-G02-XL,800,shopify,0,8980,<BASE_URL>/sehar-ivory-chiffon-anarkali-set-04-back.jpg,DSC08498 copy.jpg,back,4,Mastaani Ivory Chanderi Anarkali Set - back view showing deep U-shaped back and tie-up dori,,,,,,,,,,,,,,,,,,,g,draft,,,,
sehar-ivory-chiffon-anarkali-set,,,,,,,,Size,XXL,VPS-G02-XXL,800,shopify,0,8980,<BASE_URL>/sehar-ivory-chiffon-anarkali-set-05-detail.jpg,DSC08510 copy.jpg,detail,5,Mastaani Ivory Chanderi Anarkali Set - close front view of bodice and draped dupatta,,,,,,,,,,,,,,,,,,,g,draft,,,,
chandni-ivory-chanderi-sharara-set,,Chandni Ivory Chanderi Sharara Set,VIPASI,aa-1-23-10,Sharara Set (3 pc),"3 Pc Set, Sharara Set, Festive, Mehendi, Wedding, Occasion Wear, Ivory, Chanderi, Mirror work, Straight, Sleeveless, Square neck",False,Size,S,VPS-G03-S,800,shopify,0,0,<BASE_URL>/chandni-ivory-chanderi-sharara-set-01-front.jpg,DSC08535 copy.jpg,front,1,Chandni Ivory Chanderi Sharara Set - full length front view with dupatta,Chandni Ivory Chanderi Sharara Set | VIPASI,"Chandni ivory Chanderi sharara set with mirror-work kurti, tiered sharara and orange dupatta. Festive occasion wear. Sizes S to XXL.",Ivory,Chanderi,Square neck,Sleeveless,Female,Adults,15-100 years,Regular,Buti,Floor length,Full length,Dry clean only,"1 Kurti, 1 Sharara, 1 Dupatta",Straight,Mirror work; Sequin work,India,g,draft,female,adult,"<p>An ivory Chanderi sharara set made up of a short sleeveless kurti, a tiered sharara and an orange dupatta. The kurti is worked all over in even rows of small round mirrors and gold thread buti, with a mirror-and-pearl scallop tracing the square neckline. It suits mehendi mornings, sangeet evenings and daytime festive gatherings.</p>
<ul>
<li>Short straight kurti ending at the hip, with side slits</li>
<li>Square neckline and straps edged in mirror and pearl scallop trim</li>
<li>Sleeveless, with a matching square neckline at the back</li>
<li>Mirror dots and gold thread buti in even rows, front and back</li>
<li>Floor-length sharara gathered into three tiers, with a wide gold hem border</li>
<li>Orange dupatta scattered with gold sequins and finished in a scalloped gold border</li>
</ul>
<p><strong>Set includes:</strong> 1 Kurti, 1 Sharara and 1 Dupatta</p>",
chandni-ivory-chanderi-sharara-set,,,,,,,,Size,M,VPS-G03-M,800,shopify,0,0,<BASE_URL>/chandni-ivory-chanderi-sharara-set-02-side.jpg,DSC08561 copy.jpg,side,2,Chandni Ivory Chanderi Sharara Set - three quarter front view,,,,,,,,,,,,,,,,,,,g,draft,,,,
chandni-ivory-chanderi-sharara-set,,,,,,,,Size,L,VPS-G03-L,800,shopify,0,0,<BASE_URL>/chandni-ivory-chanderi-sharara-set-03-overall.jpg,DSC08557 copy.jpg,overall,3,Chandni Ivory Chanderi Sharara Set - front view with dupatta draped over one shoulder,,,,,,,,,,,,,,,,,,,g,draft,,,,
chandni-ivory-chanderi-sharara-set,,,,,,,,Size,XL,VPS-G03-XL,800,shopify,0,0,<BASE_URL>/chandni-ivory-chanderi-sharara-set-04-back.jpg,DSC08532 copy.jpg,back,4,Chandni Ivory Chanderi Sharara Set - back view with dupatta,,,,,,,,,,,,,,,,,,,g,draft,,,,
chandni-ivory-chanderi-sharara-set,,,,,,,,Size,XXL,VPS-G03-XXL,800,shopify,0,0,<BASE_URL>/chandni-ivory-chanderi-sharara-set-05-detail.jpg,DSC08556 copy.jpg,detail,5,Chandni Ivory Chanderi Sharara Set - front view showing gold hem border,,,,,,,,,,,,,,,,,,,g,draft,,,,
sindoori-rust-chanderi-lehenga-set,,Saanjh Rust Brocade Sharara Set,VIPASI,aa-1-23-10,Sharara Set (3 pc),"3 Pc Set, Sharara Set, Festive, Mehendi, Wedding, Rust Orange, Brocade, Embroidered, Flared, 3/4 Sleeve, Round neck",False,Size,S,VPS-G04-S,800,shopify,0,0,<BASE_URL>/sindoori-rust-chanderi-lehenga-set-01-front.jpg,DSC08577 copy.jpg,front,1,Saanjh Rust Brocade Sharara Set - full length front view with dupatta draped over one shoulder,Saanjh Rust Brocade Sharara Set | VIPASI,"Rust brocade kurta with a teal crush cotton sharara and sheer chiffon dupatta, edged in gold lace. Festive sharara set. Sizes S to XXL.",Rust Orange,Brocade,Round neck; Keyhole,Three-quarter sleeve,Female,Adults,15-100 years,Flared,Buti,Hip length,,Dry clean only,"1 Kurta, 1 Sharara, 1 Dupatta",Flared,Embroidered; Sequin work,India,g,draft,female,adult,"<p>A rust brocade kurta paired with a teal blue tiered crush cotton sharara and a matching chiffon dupatta. Ivory buti motifs run across the kurta, while a gold-toned trim outlines the round neckline, the front keyhole placket and the sleeve cuffs. The colour pairing and gold lace hem border make it a good pick for mehendi mornings, festive lunches and family functions.</p>
<ul>
<li>Straight-cut kurta that sits at the hip, with short side slits</li>
<li>Round neckline with a front keyhole slit and gold-toned trim</li>
<li>Three-quarter sleeves finished with trim at the cuffs</li>
<li>Ivory buti motifs spread across the body, front and back</li>
<li>Teal blue tiered crush cotton sharara with a wide gold-and-ivory lace hem border</li>
<li>Sheer teal chiffon dupatta with scattered gold sequins and a gold lace edge</li>
</ul>
<p><strong>Set includes:</strong> Kurta, sharara and dupatta.</p>",
sindoori-rust-chanderi-lehenga-set,,,,,,,,Size,M,VPS-G04-M,800,shopify,0,0,<BASE_URL>/sindoori-rust-chanderi-lehenga-set-02-side.jpg,DSC08600 copy.jpg,side,2,Saanjh Rust Brocade Sharara Set - front view with dupatta swept to one side,,,,,,,,,,,,,,,,,,,g,draft,,,,
sindoori-rust-chanderi-lehenga-set,,,,,,,,Size,L,VPS-G04-L,800,shopify,0,0,<BASE_URL>/sindoori-rust-chanderi-lehenga-set-03-overall.jpg,DSC08575 copy.jpg,overall,3,Saanjh Rust Brocade Sharara Set - front view with chiffon dupatta held wide,,,,,,,,,,,,,,,,,,,g,draft,,,,
sindoori-rust-chanderi-lehenga-set,,,,,,,,Size,XL,VPS-G04-XL,800,shopify,0,0,<BASE_URL>/sindoori-rust-chanderi-lehenga-set-04-back.jpg,DSC08571 copy.jpg,back,4,Saanjh Rust Brocade Sharara Set - back view of kurta and draped dupatta,,,,,,,,,,,,,,,,,,,g,draft,,,,
sindoori-rust-chanderi-lehenga-set,,,,,,,,Size,XXL,VPS-G04-XXL,800,shopify,0,0,<BASE_URL>/sindoori-rust-chanderi-lehenga-set-05-detail.jpg,DSC08579 copy.jpg,detail,5,Saanjh Rust Brocade Sharara Set - front view with dupatta gathered at the waist,,,,,,,,,,,,,,,,,,,g,draft,,,,
anaar-rani-pink-chanderi-anarkali-set,,Anaar Rani Pink Chanderi Anarkali Set,VIPASI,aa-1-23-10,Anarkali Set (3 pc),"3 Pc Set, Anarkali Set, Festive, Wedding, Rani Pink, Chanderi, Embroidered, Flared, 3/4 Sleeve, V-neck",False,Size,S,VPS-G05-S,800,shopify,0,0,<BASE_URL>/anaar-rani-pink-chanderi-anarkali-set-01-front.jpg,DSC08613 copy.jpg,front,1,Anaar Rani Pink Chanderi Anarkali Set - full length front view with mint green dupatta,Anaar Rani Pink Chanderi Anarkali Set | VIPASI,"Rani pink chanderi anarkali set with gold zari neck embroidery, mint green dupatta and maroon churidar. Festive occasion wear. Sizes S to XXL.",Rani Pink,Chanderi,V-neck,Three-quarter sleeve,Female,Adults,15-100 years,Flared,Floral,Floor length,Full length,Dry clean only,"1 Anarkali, 1 Churidar, 1 Dupatta",Flared,Embroidered; Zari,India,g,draft,female,adult,"<p>A rani pink anarkali set with a fitted bodice that opens into a wide, floor-skimming flare. A deep V neckline is traced by a band of gold zari, pearl bead and stone embroidery, with three small floral sprigs worked across the yoke, while the mint green dupatta carries a gold woven border along its edges. Made for festive evenings, family weddings and pujas.</p>
<ul>
<li>Flared anarkali kurta with a gathered waist seam and a full sweep, falling to the ankle</li>
<li>Deep V neckline outlined by a band of gold zari, pearl bead and stone work</li>
<li>Three small embroidered floral motifs placed across the chest</li>
<li>Three-quarter sleeves finished with gold zari-embroidered cuffs edged in mint green</li>
<li>Maroon churidar with gathered ankles</li>
<li>Mint green dupatta with a gold woven border and scattered gold dots</li>
</ul>
<p><strong>Set includes:</strong> Anarkali kurta, churidar and dupatta.</p>",
anaar-rani-pink-chanderi-anarkali-set,,,,,,,,Size,M,VPS-G05-M,800,shopify,0,0,<BASE_URL>/anaar-rani-pink-chanderi-anarkali-set-02-side.jpg,DSC08612 copy.jpg,side,2,Anaar Rani Pink Chanderi Anarkali Set - three quarter front view with dupatta,,,,,,,,,,,,,,,,,,,g,draft,,,,
anaar-rani-pink-chanderi-anarkali-set,,,,,,,,Size,L,VPS-G05-L,800,shopify,0,0,<BASE_URL>/anaar-rani-pink-chanderi-anarkali-set-03-overall.jpg,DSC08611 copy.jpg,overall,3,Anaar Rani Pink Chanderi Anarkali Set - front view with dupatta draped over one shoulder,,,,,,,,,,,,,,,,,,,g,draft,,,,
anaar-rani-pink-chanderi-anarkali-set,,,,,,,,Size,XL,VPS-G05-XL,800,shopify,0,0,<BASE_URL>/anaar-rani-pink-chanderi-anarkali-set-04-back.jpg,DSC08601 copy.jpg,back,4,Anaar Rani Pink Chanderi Anarkali Set - back view of the anarkali kurta,,,,,,,,,,,,,,,,,,,g,draft,,,,
anaar-rani-pink-chanderi-anarkali-set,,,,,,,,Size,XXL,VPS-G05-XXL,800,shopify,0,0,<BASE_URL>/anaar-rani-pink-chanderi-anarkali-set-05-detail.jpg,DSC08609 copy.jpg,detail,5,Anaar Rani Pink Chanderi Anarkali Set - front view with the gold bordered dupatta spread,,,,,,,,,,,,,,,,,,,g,draft,,,,
mahtab-magenta-chanderi-anarkali-set,,Aayat Onion Pink Chanderi Anarkali Set,VIPASI,aa-1-23-10,Anarkali Set (2 pc),"2 Pc Set, Anarkali Set, Festive, Wedding, Mehendi, Onion Pink, Chanderi, Embroidered, Flared, 3/4 Sleeve, Sweetheart neck",False,Size,S,VPS-G06-S,700,shopify,0,0,<BASE_URL>/mahtab-magenta-chanderi-anarkali-set-01-front.jpg,DSC08640 copy.jpg,front,1,Aayat Onion Pink Chanderi Anarkali Set - full length front view,Aayat Onion Pink Chanderi Anarkali Set | VIPASI,Onion pink Chanderi anarkali gown set with a gota-trimmed sheer organza silk dupatta and gold moon-and-star embroidery. Festive. Sizes S to XXL.,Onion Pink,Chanderi,Sweetheart neck,Three-quarter sleeve,Female,Adults,15-100 years,Flared,Embellished,Floor length,,Dry clean only,"1 Anarkali, 1 Organza Silk Dupatta",Flared,Embroidered; Gota patti; Sequin work; Handwork,India,g,draft,female,adult,"<p>A floor-length anarkali in onion pink, cut with a fitted bodice and a skirt that falls in deep gathers to the floor. Gold gota and sequin handwork traces crescent moons and small stars across the back and sleeves, and the sheer organza silk dupatta carries the same motif inside a wide ivory-gold gota border. Made for mehendi evenings, festive dinners and daytime wedding functions.</p>
<ul>
<li>Sweetheart neckline with a seamed, fitted bodice</li>
<li>Three-quarter sleeves finished with a gold gota cuff band</li>
<li>Crescent moon and star motifs in gold sequin and gota work on the back and both sleeves</li>
<li>Skirt gathered at the waist seam into a full anarkali flare with a nine-metre ghera, floor length</li>
<li>Sheer onion pink organza silk dupatta with a wide ivory-gold gota border and scattered gold sequins</li>
<li>Moon-and-star sprigs repeated along the dupatta corners and edge</li>
</ul>
<p><strong>Set includes:</strong> 1 Anarkali and 1 Organza Silk Dupatta</p>",
mahtab-magenta-chanderi-anarkali-set,,,,,,,,Size,M,VPS-G06-M,700,shopify,0,0,<BASE_URL>/mahtab-magenta-chanderi-anarkali-set-02-side.jpg,DSC08637 copy.jpg,side,2,Aayat Onion Pink Chanderi Anarkali Set - full length view with dupatta falling at the side,,,,,,,,,,,,,,,,,,,g,draft,,,,
mahtab-magenta-chanderi-anarkali-set,,,,,,,,Size,L,VPS-G06-L,700,shopify,0,0,<BASE_URL>/mahtab-magenta-chanderi-anarkali-set-03-overall.jpg,DSC08639 copy.jpg,overall,3,Aayat Onion Pink Chanderi Anarkali Set - full length front view with dupatta spread,,,,,,,,,,,,,,,,,,,g,draft,,,,
mahtab-magenta-chanderi-anarkali-set,,,,,,,,Size,XL,VPS-G06-XL,700,shopify,0,0,<BASE_URL>/mahtab-magenta-chanderi-anarkali-set-04-back.jpg,DSC08661 copy.jpg,back,4,Aayat Onion Pink Chanderi Anarkali Set - back view showing dupatta border,,,,,,,,,,,,,,,,,,,g,draft,,,,
mahtab-magenta-chanderi-anarkali-set,,,,,,,,Size,XXL,VPS-G06-XXL,700,shopify,0,0,<BASE_URL>/mahtab-magenta-chanderi-anarkali-set-05-detail.jpg,DSC08655 copy.jpg,detail,5,Aayat Onion Pink Chanderi Anarkali Set - close view of the bodice and dupatta drape,,,,,,,,,,,,,,,,,,,g,draft,,,,
vann-emerald-silk-anarkali-set,,Vann Emerald Silk Anarkali Set,VIPASI,aa-1-4,Anarkali Gown (2 pc),"2 Pc Set, Anarkali Gown, Festive, Wedding, Emerald Green, Silk, Sequin work, Flared, Half Sleeve, Round neck",False,Size,S,VPS-G07-S,700,shopify,0,0,<BASE_URL>/vann-emerald-silk-anarkali-set-01-front.jpg,DSC08684 copy.jpg,front,1,Vann Emerald Silk Anarkali Set - full length front view,Vann Emerald Silk Anarkali Set | VIPASI,"Emerald green silk Anarkali gown with gold sequin leaf work and a sheer chiffon dupatta, floor length and made for festive days. Sizes S to XXL.",Emerald Green,Silk,Round neck; Keyhole,Short sleeve,Female,Adults,15-100 years,Flared,Floral,Floor length,,Dry clean only,"1 Anarkali Gown, 1 Dupatta",Flared,Sequin work,India,g,draft,female,adult,"<p>A floor-length anarkali gown in a deep emerald green fabric with a soft sheen, cut with a fitted yoke that opens into a wide gathered flare. Gold sequin leaf sprigs sit across the yoke, with a larger fern motif on each sleeve and a sequin band along the neck. It suits weddings, sangeet evenings and festive dinners.</p>
<ul>
<li>Floor-length anarkali gown with a fitted yoke and gathered flare</li>
<li>Round neck outlined in a band of gold sequins</li>
<li>Keyhole opening at the back neckline</li>
<li>Elbow-length sleeves with a gold sequin fern motif and sequin trim at the edge</li>
<li>Gold sequin leaf sprigs across the yoke and shoulders</li>
<li>Sheer chiffon dupatta with gold edging and leaf motifs along the border</li>
<li>Solid emerald green, no print</li>
</ul>
<p><strong>Set includes:</strong> 1 anarkali gown and 1 dupatta.</p>",
vann-emerald-silk-anarkali-set,,,,,,,,Size,M,VPS-G07-M,700,shopify,0,0,<BASE_URL>/vann-emerald-silk-anarkali-set-02-side.jpg,DSC08679 copy.jpg,side,2,Vann Emerald Silk Anarkali Set - front three quarter view,,,,,,,,,,,,,,,,,,,g,draft,,,,
vann-emerald-silk-anarkali-set,,,,,,,,Size,L,VPS-G07-L,700,shopify,0,0,<BASE_URL>/vann-emerald-silk-anarkali-set-03-overall.jpg,DSC08680 copy.jpg,overall,3,Vann Emerald Silk Anarkali Set - full length front view with dupatta over one shoulder,,,,,,,,,,,,,,,,,,,g,draft,,,,
vann-emerald-silk-anarkali-set,,,,,,,,Size,XL,VPS-G07-XL,700,shopify,0,0,<BASE_URL>/vann-emerald-silk-anarkali-set-04-back.jpg,DSC08673 copy.jpg,back,4,Vann Emerald Silk Anarkali Set - back view showing keyhole opening,,,,,,,,,,,,,,,,,,,g,draft,,,,
vann-emerald-silk-anarkali-set,,,,,,,,Size,XXL,VPS-G07-XXL,700,shopify,0,0,<BASE_URL>/vann-emerald-silk-anarkali-set-05-detail.jpg,DSC08691 copy.jpg,detail,5,Vann Emerald Silk Anarkali Set - waist up front view,,,,,,,,,,,,,,,,,,,g,draft,,,,
sindoori-red-georgette-kurta-set,,Laal Ishq Blood Red Georgette Kurta Set,VIPASI,aa-1-23-7,Kurta Set (3 pc),"3 Pc Set, Kurta Set, Festive, Sangeet, Mehendi, Occasion Wear, Blood Red, Georgette, Mirror work, Flared, Sleeveless, Round neck",False,Size,S,VPS-G08-S,700,shopify,0,6889,<BASE_URL>/sindoori-red-georgette-kurta-set-01-front.jpg,DSC08702 copy.jpg,front,1,Laal Ishq Blood Red Georgette Kurta Set - full length front view,Laal Ishq Blood Red Georgette Kurta Set | VIPASI,"Blood red georgette kurta set with a mirror-work keyhole neckline, a kali-style flared palazzo and a bustier. Sizes S to XXL.",Blood Red,Georgette,Round neck; Keyhole,Sleeveless,Female,Adults,15-100 years,Flared,Floral,Long,Full length,Dry clean only,"1 Kurta, 1 Palazzo, 1 Bustier",Flared,Mirror work; Sequin work,India,g,draft,female,adult,"<p>A sleeveless blood red georgette kurta set cut for movement, with the kurta falling from the shoulder in a wide layered sweep over a matching flared palazzo. The round neckline opens into a slim leaf-shaped keyhole filled with silver mirror work, sequins and gold thread. Made for a sangeet, a mehendi evening or a festive dinner.</p><ul><li>Sleeveless kurta with a round neckline and a leaf-shaped keyhole opening</li><li>Mirror, sequin and gold thread handwork on the keyhole panel and neck edge</li><li>Asymmetric high-low hem, shorter in front and flowing longer at the back</li><li>Self-fabric ties with a cutout at each side seam</li><li>Wide kali-style flared palazzo in matching blood red georgette</li><li>Solid blood red throughout, embroidery kept to the neckline</li></ul><p><strong>Set includes:</strong> 1 Kurta, 1 Palazzo and 1 Bustier</p>",
sindoori-red-georgette-kurta-set,,,,,,,,Size,M,VPS-G08-M,700,shopify,0,6889,<BASE_URL>/sindoori-red-georgette-kurta-set-02-side.jpg,DSC08708 copy.jpg,side,2,Laal Ishq Blood Red Georgette Kurta Set - front angled view showing side tie,,,,,,,,,,,,,,,,,,,g,draft,,,,
sindoori-red-georgette-kurta-set,,,,,,,,Size,L,VPS-G08-L,700,shopify,0,6889,<BASE_URL>/sindoori-red-georgette-kurta-set-03-overall.jpg,DSC08703 copy.jpg,overall,3,Laal Ishq Blood Red Georgette Kurta Set - front view showing kurta and palazzo,,,,,,,,,,,,,,,,,,,g,draft,,,,
sindoori-red-georgette-kurta-set,,,,,,,,Size,XL,VPS-G08-XL,700,shopify,0,6889,<BASE_URL>/sindoori-red-georgette-kurta-set-04-back.jpg,DSC08699 copy.jpg,back,4,Laal Ishq Blood Red Georgette Kurta Set - back view,,,,,,,,,,,,,,,,,,,g,draft,,,,
sindoori-red-georgette-kurta-set,,,,,,,,Size,XXL,VPS-G08-XXL,700,shopify,0,6889,<BASE_URL>/sindoori-red-georgette-kurta-set-05-detail.jpg,DSC08705 copy.jpg,detail,5,"Laal Ishq Blood Red Georgette Kurta Set - front view, hand on waist",,,,,,,,,,,,,,,,,,,g,draft,,,,
gulaal-orange-pink-georgette-anarkali-set,,Arunima Orange Pink Organza Silk Anarkali Set,VIPASI,aa-1-23-10,Anarkali Set (3 pc),"3 Pc Set, Anarkali Set, Festive, Mehendi, Haldi, Orange Pink, Organza Silk, Mirror work, Flared, Full Sleeve, Square neck",False,Size,S,VPS-G09-S,800,shopify,0,7800,<BASE_URL>/gulaal-orange-pink-georgette-anarkali-set-01-front.jpg,DSC08749 copy.jpg,front,1,Arunima Orange Pink Organza Silk Anarkali Set - full length front view of the complete set,Arunima Orange Pink Organza Silk Anarkali Set | VIPASI,"Orange to pink ombre organza silk anarkali set with mirror work, a churidar and a cord-trimmed dupatta. Festive three-piece. Sizes S to XXL.",Orange Pink,Organza Silk,Square neck,Long sleeve,Female,Adults,15-100 years,Flared,Ombre,Floor length,Full length,Dry clean only,"1 Anarkali, 1 Churidar, 1 Dupatta",Flared,Mirror work; Sequin work,India,g,draft,female,adult,"<p>A three-piece anarkali set in an ombre that runs from marigold orange down through deep pink at the hem. Small mirrors and sequins sit scattered across the kurta and the matching dupatta, which is edged all round in a red-and-white cord trim finished with gold coin tassels. It works for haldi and mehendi mornings, Diwali evenings and daytime festive lunches.</p><ul><li>Square neckline at the front with a scooped back and a tasseled tie at the back neck</li><li>Gathered yoke seam falling into a full flared anarkali skirt that reaches the ankle</li><li>Full-length sleeves, plain and close through the arm</li><li>Scattered mirror and sequin work over the kurta and dupatta</li><li>Solid pink churidar, gathered along the lower leg</li><li>Organza silk dupatta in the same orange-to-pink ombre, with cord-trim edging and gold coin tassels</li></ul><p><strong>Set includes:</strong> 1 anarkali kurta, 1 churidar and 1 dupatta.</p>",
gulaal-orange-pink-georgette-anarkali-set,,,,,,,,Size,M,VPS-G09-M,800,shopify,0,7800,<BASE_URL>/gulaal-orange-pink-georgette-anarkali-set-02-side.jpg,DSC08753 copy.jpg,side,2,Arunima Orange Pink Organza Silk Anarkali Set - angled front view with dupatta held out,,,,,,,,,,,,,,,,,,,g,draft,,,,
gulaal-orange-pink-georgette-anarkali-set,,,,,,,,Size,L,VPS-G09-L,800,shopify,0,7800,<BASE_URL>/gulaal-orange-pink-georgette-anarkali-set-03-overall.jpg,DSC08755 copy.jpg,overall,3,Arunima Orange Pink Organza Silk Anarkali Set - front view with dupatta draped over both shoulders,,,,,,,,,,,,,,,,,,,g,draft,,,,
gulaal-orange-pink-georgette-anarkali-set,,,,,,,,Size,XL,VPS-G09-XL,800,shopify,0,7800,<BASE_URL>/gulaal-orange-pink-georgette-anarkali-set-04-back.jpg,DSC08746 copy.jpg,back,4,Arunima Orange Pink Organza Silk Anarkali Set - back view showing scooped back and tasseled tie,,,,,,,,,,,,,,,,,,,g,draft,,,,
gulaal-orange-pink-georgette-anarkali-set,,,,,,,,Size,XXL,VPS-G09-XXL,800,shopify,0,7800,<BASE_URL>/gulaal-orange-pink-georgette-anarkali-set-05-detail.jpg,DSC08751 copy.jpg,detail,5,Arunima Orange Pink Organza Silk Anarkali Set - front view showing the flared anarkali hem,,,,,,,,,,,,,,,,,,,g,draft,,,,
chandni-crimson-silk-anarkali-set,,Fitoor Crimson Gajji Silk Anarkali Set,VIPASI,aa-1-23-10,Anarkali Set (3 pc),"3 Pc Set, Anarkali Set, Festive, Wedding, Sangeet, Crimson, Gajji Silk, Embroidered, Handwork, Flared, Full Sleeve, Round neck",False,Size,S,VPS-G10-S,800,shopify,0,0,<BASE_URL>/chandni-crimson-silk-anarkali-set-01-front.jpg,DSC08768 copy.jpg,front,1,Fitoor Crimson Gajji Silk Anarkali Set - full length front view,Fitoor Crimson Gajji Silk Anarkali Set | VIPASI,"Crimson gajji silk anarkali set with gold bead placket embroidery, full sleeves, a matching churidar and a crescent-motif gota organza dupatta. Sizes S to XXL.",Crimson,Gajji Silk,Round neck; Keyhole,Long sleeve,Female,Adults,15-100 years,Flared,Buti,Floor length,Full length,Dry clean only,"1 Anarkali, 1 Churidar, 1 Organza Silk Dupatta",Flared,Embroidered; Gota patti; Sequin work; Handwork,India,g,draft,female,adult,"<p>A floor-length anarkali kurta in deep crimson gajji silk, gathered at the yoke and flared into a flowing silhouette. A gold bead and sequin trim scallops down the front keyhole slit and along the neckline, with small sequin butis scattered across the body, and the sheer organza silk dupatta carries scattered crescent-moon motifs along a gold gota border. Made for weddings, sangeet evenings and festive dinners.</p>
<ul>
<li>Floor-length gajji silk anarkali kurta, flared from a gathered yoke</li>
<li>Round neckline with a deep front keyhole slit, edged in gold bead trim</li>
<li>Full sleeves finished with gold bead trim at the cuffs</li>
<li>Gold bead and sequin handwork at the placket and neckline, with small sequin butis scattered across the body</li>
<li>Sheer crimson organza silk dupatta with a gold gota border and crescent-moon motifs</li>
<li>Matching crimson churidar, gathered at the ankle</li>
</ul>
<p><strong>Set includes:</strong> Anarkali kurta, churidar and organza silk dupatta.</p>",
chandni-crimson-silk-anarkali-set,,,,,,,,Size,M,VPS-G10-M,800,shopify,0,0,<BASE_URL>/chandni-crimson-silk-anarkali-set-02-side.jpg,DSC08777 copy.jpg,side,2,Fitoor Crimson Gajji Silk Anarkali Set - wide side profile of the full look,,,,,,,,,,,,,,,,,,,g,draft,,,,
chandni-crimson-silk-anarkali-set,,,,,,,,Size,L,VPS-G10-L,800,shopify,0,0,<BASE_URL>/chandni-crimson-silk-anarkali-set-03-overall.jpg,DSC08775 copy.jpg,overall,3,Fitoor Crimson Gajji Silk Anarkali Set - front view leaning against pillar,,,,,,,,,,,,,,,,,,,g,draft,,,,
chandni-crimson-silk-anarkali-set,,,,,,,,Size,XL,VPS-G10-XL,800,shopify,0,0,<BASE_URL>/chandni-crimson-silk-anarkali-set-04-back.jpg,DSC08765 copy.jpg,back,4,Fitoor Crimson Gajji Silk Anarkali Set - back view with the dupatta held out,,,,,,,,,,,,,,,,,,,g,draft,,,,
chandni-crimson-silk-anarkali-set,,,,,,,,Size,XXL,VPS-G10-XXL,800,shopify,0,0,<BASE_URL>/chandni-crimson-silk-anarkali-set-05-detail.jpg,DSC08771 copy.jpg,detail,5,Fitoor Crimson Gajji Silk Anarkali Set - side view showing the flared hem and churidar,,,,,,,,,,,,,,,,,,,g,draft,,,,
hariyali-lime-green-chanderi-sharara-set,,Basanti Lime Green Brocade Kali Palazzo Set,VIPASI,aa-1-23-10,Kali Palazzo Set (3 pc),"3 Pc Set, Kali Palazzo Set, Mehendi, Haldi, Festive, Lime Green, Brocade, Georgette, Woven, Mirror Work, Flared, 3/4 Sleeve, Round neck",False,Size,S,VPS-G11-S,800,shopify,0,0,<BASE_URL>/hariyali-lime-green-chanderi-sharara-set-01-front.jpg,DSC08784 copy.jpg,front,1,Basanti Lime Green Brocade Kali Palazzo Set - full length front view,Basanti Lime Green Brocade Kali Palazzo Set | VIPASI,"Lime green brocade kurti with gold booti weave, a flared georgette kali palazzo and a contrast navy mirror-work dupatta. Sizes S to XXL.",Lime Green,Brocade; Georgette,Round neck,Three-quarter sleeve,Female,Adults,15-100 years,Regular,Floral,Hip length,Full length,Dry clean only,"1 Kurti, 1 Kali Palazzo, 1 Dupatta",Flared,Woven; Zari; Handwork; Mirror Work,India,g,draft,female,adult,"<p>A three-piece set in lime green, cut short and straight through the kurti so the fullness sits in the kali palazzo below. The brocade carries an allover gold floral booti, with a navy tasseled placket trimmed in gold zari at the neck and a contrast navy dupatta. Made for mehendi mornings, haldi functions and daytime festive gatherings.</p>
<ul>
<li>Straight-cut brocade kurti ending below the hip</li>
<li>Round neck with a slit placket trimmed in navy tassel detail, gold zari, mirror work and small pearl drops</li>
<li>Three-quarter sleeves with a navy and gold trimmed cuff band, worked with mirror handwork</li>
<li>Allover gold floral booti woven across the kurti</li>
<li>Flared georgette kali palazzo in matching green with a wide gold zari brocade border at the hem</li>
<li>Sheer navy georgette dupatta with round gold motifs, mirror work, a green booti border and gold scalloped lace edging</li>
</ul>
<p><strong>Set includes:</strong> 1 Kurti, 1 Kali Palazzo and 1 Dupatta</p>",
hariyali-lime-green-chanderi-sharara-set,,,,,,,,Size,M,VPS-G11-M,800,shopify,0,0,<BASE_URL>/hariyali-lime-green-chanderi-sharara-set-02-side.jpg,DSC08783 copy.jpg,side,2,Basanti Lime Green Brocade Kali Palazzo Set - angled front view,,,,,,,,,,,,,,,,,,,g,draft,,,,
hariyali-lime-green-chanderi-sharara-set,,,,,,,,Size,L,VPS-G11-L,800,shopify,0,0,<BASE_URL>/hariyali-lime-green-chanderi-sharara-set-03-overall.jpg,DSC08792 copy.jpg,overall,3,Basanti Lime Green Brocade Kali Palazzo Set - front view with dupatta draped over one shoulder,,,,,,,,,,,,,,,,,,,g,draft,,,,
hariyali-lime-green-chanderi-sharara-set,,,,,,,,Size,XL,VPS-G11-XL,800,shopify,0,0,<BASE_URL>/hariyali-lime-green-chanderi-sharara-set-04-back.jpg,DSC08791 copy.jpg,back,4,Basanti Lime Green Brocade Kali Palazzo Set - front view with hand at waist,,,,,,,,,,,,,,,,,,,g,draft,,,,
hariyali-lime-green-chanderi-sharara-set,,,,,,,,Size,XXL,VPS-G11-XXL,800,shopify,0,0,<BASE_URL>/hariyali-lime-green-chanderi-sharara-set-05-detail.jpg,DSC08794 copy.jpg,detail,5,Basanti Lime Green Brocade Kali Palazzo Set - full length front view showing kali palazzo flare,,,,,,,,,,,,,,,,,,,g,draft,,,,
meher-peach-chanderi-sharara-set,,Dilbara Peach Brocade Sharara Set,VIPASI,aa-1-23-10,Sharara Set (3 pc),"3 Pc Set, Sharara Set, Festive, Mehendi, Peach, Brocade, Handwork, Straight, 3/4 Sleeve, Round neck",False,Size,S,VPS-G12-S,800,shopify,0,0,<BASE_URL>/meher-peach-chanderi-sharara-set-01-front.jpg,DSC08805 copy.jpg,front,1,Dilbara Peach Brocade Sharara Set - full length front view,Dilbara Peach Brocade Sharara Set | VIPASI,"Peach brocade kurti with hand-embroidered neckline and sleeves, sia green crush cotton sharara and a matching pale green dupatta. Sizes S to XXL.",Peach,Brocade; Crush Cotton,Round neck; Keyhole,Three-quarter sleeve,Female,Adults,15-100 years,Regular,Floral,Long,Full length,Dry clean only,"1 Kurti, 1 Sharara, 1 Dupatta",Straight,Woven; Zari; Sequin work; Handwork; Hand Embroidery; Lace Work,India,g,draft,female,adult,"<p>A three-piece sharara set in soft peach, cut short and straight through the kurti so the tiered sharara does the moving. Gold floral butis are woven into the brocade, with hand embroidery at the neckline and sleeves and green thread and gold sequins outlining the placket and cuffs. It suits mehendi mornings and daytime festive gatherings.</p>
<ul>
<li>Short straight kurti in peach brocade with side slits at the hem</li>
<li>Round neck framed with hand embroidery, and a long front placket edged in green thread and gold sequins</li>
<li>Three-quarter sleeves with hand embroidery and matching sequin trim at the cuffs</li>
<li>All-over gold floral butis woven into the peach brocade</li>
<li>Tiered sia green crush cotton sharara, gathered wide with a gold zari border</li>
<li>Matching pale green dupatta with gold zari edges, coral piping and scattered gold butis, worked with hand embroidery and lace detailing</li>
</ul>
<p><strong>Set includes:</strong> 1 Kurti, 1 Sharara and 1 Dupatta</p>",
meher-peach-chanderi-sharara-set,,,,,,,,Size,M,VPS-G12-M,800,shopify,0,0,<BASE_URL>/meher-peach-chanderi-sharara-set-02-side.jpg,DSC08810 copy.jpg,side,2,Dilbara Peach Brocade Sharara Set - side angled view of kurti and tiered sharara,,,,,,,,,,,,,,,,,,,g,draft,,,,
meher-peach-chanderi-sharara-set,,,,,,,,Size,L,VPS-G12-L,800,shopify,0,0,<BASE_URL>/meher-peach-chanderi-sharara-set-03-overall.jpg,DSC08806 copy.jpg,overall,3,Dilbara Peach Brocade Sharara Set - front view with dupatta draped over shoulder,,,,,,,,,,,,,,,,,,,g,draft,,,,
meher-peach-chanderi-sharara-set,,,,,,,,Size,XL,VPS-G12-XL,800,shopify,0,0,<BASE_URL>/meher-peach-chanderi-sharara-set-04-back.jpg,DSC08804 copy.jpg,back,4,Dilbara Peach Brocade Sharara Set - back view of kurti and sharara,,,,,,,,,,,,,,,,,,,g,draft,,,,
meher-peach-chanderi-sharara-set,,,,,,,,Size,XXL,VPS-G12-XXL,800,shopify,0,0,<BASE_URL>/meher-peach-chanderi-sharara-set-05-detail.jpg,DSC08807 copy.jpg,detail,5,Dilbara Peach Brocade Sharara Set - front view showing neckline and placket,,,,,,,,,,,,,,,,,,,g,draft,,,,
meher-blush-pink-silk-anarkali-set,,Madhurima Pink Upada Silk Anarkali Set,VIPASI,aa-1-23-10,Anarkali Set (3 pc),"3 Pc Set, Anarkali Set, Festive, Wedding, Mehendi, Pink, Upada Silk, Tie and dye, Flared, Sleeveless, Square neck",False,Size,S,VPS-G13-S,800,shopify,0,6700,<BASE_URL>/meher-blush-pink-silk-anarkali-set-01-front.jpg,DSC08833 copy.jpg,front,1,Madhurima Pink Upada Silk Anarkali Set - full length front view,Madhurima Pink Upada Silk Anarkali Set | VIPASI,"Pink upada silk anarkali set with an ombre chinon dupatta and cream-gold lace border. Floor-length, flared, worn with a churidar. Sizes S to XXL.",Pink,Upada Silk,Square neck,Sleeveless,Female,Adults,15-100 years,Flared,Ombre,Floor length,Full length,Dry clean only,"1 Anarkali, 1 Churidar, 1 Dupatta",Flared,Tie and dye,India,g,draft,female,adult,"<p>A floor-length anarkali set in pink upada silk, cut sleeveless with a fitted bodice that gathers into a wide, twirl-ready skirt. The chinon dupatta shades from pale pink into deep pink along the edge and is finished with a cream-gold lace border and scattered embellishment. It suits mehendi mornings, family functions and daytime festive wear.</p>
<ul>
<li>Sleeveless anarkali with broad shoulder straps and a square neckline</li>
<li>Seamed empire waist releasing into a gathered, floor-length flared skirt</li>
<li>Deep scoop back</li>
<li>Self-fabric panel band running above the hem</li>
<li>Slim churidar in a soft dusty grey-mauve, gathered at the ankles</li>
<li>Sheer ombre chinon dupatta shading from pale to deep pink, edged in cream-gold lace</li>
</ul>
<p><strong>Set includes:</strong> 1 anarkali, 1 churidar and 1 dupatta.</p>",
meher-blush-pink-silk-anarkali-set,,,,,,,,Size,M,VPS-G13-M,800,shopify,0,6700,<BASE_URL>/meher-blush-pink-silk-anarkali-set-02-side.jpg,DSC08837 copy.jpg,side,2,Madhurima Pink Upada Silk Anarkali Set - three quarter front view,,,,,,,,,,,,,,,,,,,g,draft,,,,
meher-blush-pink-silk-anarkali-set,,,,,,,,Size,L,VPS-G13-L,800,shopify,0,6700,<BASE_URL>/meher-blush-pink-silk-anarkali-set-03-overall.jpg,DSC08841 copy.jpg,overall,3,Madhurima Pink Upada Silk Anarkali Set - front view with dupatta draped over both shoulders,,,,,,,,,,,,,,,,,,,g,draft,,,,
meher-blush-pink-silk-anarkali-set,,,,,,,,Size,XL,VPS-G13-XL,800,shopify,0,6700,<BASE_URL>/meher-blush-pink-silk-anarkali-set-04-back.jpg,DSC08829 copy.jpg,back,4,Madhurima Pink Upada Silk Anarkali Set - back view showing scoop back with dupatta drape,,,,,,,,,,,,,,,,,,,g,draft,,,,
meher-blush-pink-silk-anarkali-set,,,,,,,,Size,XXL,VPS-G13-XXL,800,shopify,0,6700,<BASE_URL>/meher-blush-pink-silk-anarkali-set-05-detail.jpg,DSC08849 copy.jpg,detail,5,Madhurima Pink Upada Silk Anarkali Set - close view of bodice and gathered waist,,,,,,,,,,,,,,,,,,,g,draft,,,,
lehar-turquoise-georgette-co-ord-set,,Rimjhim Sky Blue Chiffon Crepe Co-ord Set,VIPASI,aa-1-23-7,Co-ord Set (3 pc),"3 Pc Set, Co-ord Set, Festive, Mehendi, Sangeet, Sky Blue, Chiffon Crepe, Sequin work, Straight, Cap Sleeve, Round neck",False,Size,S,VPS-G14-S,700,shopify,0,6889,<BASE_URL>/lehar-turquoise-georgette-co-ord-set-01-front.jpg,DSC08852 copy.jpg,front,1,Rimjhim Sky Blue Chiffon Crepe Co-ord Set - full length front view,Rimjhim Sky Blue Chiffon Crepe Co-ord Set | VIPASI,"Sky blue chiffon crepe co-ord set with a sequin yoke cape top, kali-style palazzo and bustier. Festive and mehendi ready. Sizes S to XXL.",Sky Blue,Chiffon Crepe,Round neck; Keyhole,Cap sleeve,Female,Adults,15-100 years,Relaxed,Embellished,Floor length,Full length,Dry clean only,"1 Top, 1 Palazzo, 1 Bustier",Straight,Sequin work,India,g,draft,female,adult,"<p>A sky blue co-ord set pairing a loose cape-cut top with wide-leg palazzo pants, cut in a soft chiffon crepe that moves as you walk. The front yoke carries close rows of vertical sequin lines that shade from tonal sky blue into silver as they taper to a point at the chest. It suits mehendi mornings, sangeet evenings and festive lunches where you want to stay comfortable.</p><ul><li>Straight, loose top falling past the hip with a stepped hem</li><li>Handworked round neckline at the front, with a small keyhole slit at the back</li><li>Short cape-style cap sleeves that drop over the shoulder</li><li>Sequin yoke worked in an inverted triangle across the front, plain at the back</li><li>Open side slits with self-fabric ties at the hip</li><li>Kali-style palazzo pants, wide-leg and floor length in the same sky blue</li><li>Bustier included; no dupatta with this set</li></ul><p><strong>Set includes:</strong> 1 Top, 1 Palazzo and 1 Bustier</p>",
lehar-turquoise-georgette-co-ord-set,,,,,,,,Size,M,VPS-G14-M,700,shopify,0,6889,<BASE_URL>/lehar-turquoise-georgette-co-ord-set-02-side.jpg,DSC08856 copy.jpg,side,2,"Rimjhim Sky Blue Chiffon Crepe Co-ord Set - full length front view, hand at side tie",,,,,,,,,,,,,,,,,,,g,draft,,,,
lehar-turquoise-georgette-co-ord-set,,,,,,,,Size,L,VPS-G14-L,700,shopify,0,6889,<BASE_URL>/lehar-turquoise-georgette-co-ord-set-03-overall.jpg,DSC08858 copy.jpg,overall,3,Rimjhim Sky Blue Chiffon Crepe Co-ord Set - front view standing by pillar,,,,,,,,,,,,,,,,,,,g,draft,,,,
lehar-turquoise-georgette-co-ord-set,,,,,,,,Size,XL,VPS-G14-XL,700,shopify,0,6889,<BASE_URL>/lehar-turquoise-georgette-co-ord-set-04-back.jpg,DSC08851 copy.jpg,back,4,Rimjhim Sky Blue Chiffon Crepe Co-ord Set - back view showing plain back and side slit,,,,,,,,,,,,,,,,,,,g,draft,,,,
lehar-turquoise-georgette-co-ord-set,,,,,,,,Size,XXL,VPS-G14-XXL,700,shopify,0,6889,<BASE_URL>/lehar-turquoise-georgette-co-ord-set-05-detail.jpg,DSC08862 copy.jpg,detail,5,Rimjhim Sky Blue Chiffon Crepe Co-ord Set - front close view of sequin yoke and cap sleeve,,,,,,,,,,,,,,,,,,,g,draft,,,,
sehar-peach-organza-saree,,Paaro Rose Gold Organza Silk Saree,VIPASI,aa-1-23-2-1,Saree (2 pc),"2 Pc Set, Saree, Festive, Wedding, Mehendi, Rose Gold, Organza Silk, Antique Work, Embroidered, Draped",False,Size,S,VPS-G15-S,700,shopify,0,9988,<BASE_URL>/sehar-peach-organza-saree-01-front.jpg,DSC08875 copy.jpg,front,1,Paaro Rose Gold Organza Silk Saree - full length front view of the draped saree and blouse,Paaro Rose Gold Organza Silk Saree | VIPASI,"Paaro rose gold organza silk saree with a twisted gold zari rope border and scattered crescent booti, plus 1 metre of blouse fabric. Sizes S to XXL.",Rose Gold,Organza Silk,V-neck,Sleeveless,Female,Adults,15-100 years,Regular,Buti,,,Dry clean only,"1 Saree, 1 Metre Blouse Fabric (Unstitched)",Draped,Antique Work; Embroidered; Zari; Sequin work,India,g,draft,female,adult,"<p>A sheer rose gold organza silk saree in a soft champagne cast, finished with a twisted gold zari rope border along its length and pallu. Small gold crescent-and-star booti in sequin and metallic thread are scattered across the drape, in an antique finish throughout. It comes with 1 metre of matching blouse fabric for a custom blouse, and reads well for engagements, daytime weddings, mehendi mornings and festive lunches.</p><ul><li>Sheer organza silk saree with a light, fluid drape</li><li>Rose gold with a soft champagne cast</li><li>Twisted gold zari rope border along the length and the pallu</li><li>Gold booti embroidery in a crescent and star motif, scattered across the drape</li><li>Antique work throughout</li><li>1 metre of matching blouse fabric, unstitched, so the blouse can be made to fit</li></ul><p><strong>Set includes:</strong> 1 saree and 1 metre of unstitched blouse fabric.</p>",
sehar-peach-organza-saree,,,,,,,,Size,M,VPS-G15-M,700,shopify,0,9988,<BASE_URL>/sehar-peach-organza-saree-02-side.jpg,DSC08881 copy.jpg,side,2,Paaro Rose Gold Organza Silk Saree - side view of the pallu and blouse,,,,,,,,,,,,,,,,,,,g,draft,,,,
sehar-peach-organza-saree,,,,,,,,Size,L,VPS-G15-L,700,shopify,0,9988,<BASE_URL>/sehar-peach-organza-saree-03-overall.jpg,DSC08880 copy.jpg,overall,3,Paaro Rose Gold Organza Silk Saree - front view with the pallu draped over one shoulder,,,,,,,,,,,,,,,,,,,g,draft,,,,
sehar-peach-organza-saree,,,,,,,,Size,XL,VPS-G15-XL,700,shopify,0,9988,<BASE_URL>/sehar-peach-organza-saree-04-back.jpg,DSC08870 copy.jpg,back,4,Paaro Rose Gold Organza Silk Saree - back view showing the blouse and pallu,,,,,,,,,,,,,,,,,,,g,draft,,,,
sehar-peach-organza-saree,,,,,,,,Size,XXL,VPS-G15-XXL,700,shopify,0,9988,<BASE_URL>/sehar-peach-organza-saree-05-detail.jpg,DSC08876 copy.jpg,detail,5,Paaro Rose Gold Organza Silk Saree - front view with the pallu held to show the zari border,,,,,,,,,,,,,,,,,,,g,draft,,,,
titli-blush-peach-organza-saree,,Titli Peach Organza Silk Saree,VIPASI,aa-1-23-2-1,Saree (2 pc),"2 Pc Set, Saree, Festive, Mehendi, Peach, Organza Silk, Embroidered, Draped",False,Size,S,VPS-G16-S,700,shopify,0,8889,<BASE_URL>/titli-blush-peach-organza-saree-01-front.jpg,DSC08904 copy.jpg,front,1,Titli Peach Organza Silk Saree - full length front view of the draped saree,Titli Peach Organza Silk Saree | VIPASI,"Peach organza silk saree with pink butterfly embroidery and zigzag pico edging, with 1 metre of matching blouse fabric. Sizes S to XXL.",Peach,Organza Silk,Sweetheart neck,Sleeveless,Female,Adults,15-100 years,Regular,Embellished,,,Dry clean only,"1 Saree, 1 Metre Unstitched Blouse Fabric",Draped,Embroidered; Sequin work,India,g,draft,female,adult,"<p>A sheer organza silk saree in soft peach with a light, fluid fall. Pink butterflies worked in thread and sequins are scattered across the body and pallu, and a hot-pink zigzag edging traces the border. It works for mehendi mornings, daytime receptions and family celebrations.</p>
<ul>
<li>Sheer organza silk saree in peach</li>
<li>Pink butterfly motifs embroidered in thread with sequin fills across the body and pallu</li>
<li>Hot-pink zigzag pico edging runs along the border and edges the pallu</li>
<li>Pallu falls loose over the shoulder with pleats set at the front</li>
<li>Comes with 1 metre of matching blouse fabric for a custom blouse</li>
</ul>
<p><strong>Set includes:</strong> 1 Saree and 1 Metre of Unstitched Blouse Fabric</p>",
titli-blush-peach-organza-saree,,,,,,,,Size,M,VPS-G16-M,700,shopify,0,8889,<BASE_URL>/titli-blush-peach-organza-saree-02-side.jpg,DSC08910 copy.jpg,side,2,Titli Peach Organza Silk Saree - three quarter side view of the drape,,,,,,,,,,,,,,,,,,,g,draft,,,,
titli-blush-peach-organza-saree,,,,,,,,Size,L,VPS-G16-L,700,shopify,0,8889,<BASE_URL>/titli-blush-peach-organza-saree-03-overall.jpg,DSC08905 copy.jpg,overall,3,Titli Peach Organza Silk Saree - front view showing pleats and pallu,,,,,,,,,,,,,,,,,,,g,draft,,,,
titli-blush-peach-organza-saree,,,,,,,,Size,XL,VPS-G16-XL,700,shopify,0,8889,<BASE_URL>/titli-blush-peach-organza-saree-04-back.jpg,DSC08901 copy.jpg,back,4,Titli Peach Organza Silk Saree - back view of the draped saree,,,,,,,,,,,,,,,,,,,g,draft,,,,
titli-blush-peach-organza-saree,,,,,,,,Size,XXL,VPS-G16-XXL,700,shopify,0,8889,<BASE_URL>/titli-blush-peach-organza-saree-05-detail.jpg,DSC08906 copy.jpg,detail,5,Titli Peach Organza Silk Saree - front view with pallu held at the waist,,,,,,,,,,,,,,,,,,,g,draft,,,,
sitara-ivory-georgette-lehenga-set,,Kumudini White Chanderi Lehenga Set,VIPASI,aa-1-23-2-2,Lehenga Set (3 pc),"3 Pc Set, Lehenga Set, Festive, Wedding, Sangeet, Mehendi, White, Chanderi, Antique Gold Sequin & Handwork, Flared, Half Sleeve, Sweetheart neck",False,Size,S,VPS-G17-S,800,shopify,0,14998,<BASE_URL>/sitara-ivory-georgette-lehenga-set-01-front.jpg,DSC08924 copy.jpg,front,1,Kumudini White Chanderi Lehenga Set - full length front view,Kumudini White Chanderi Lehenga Set | VIPASI,"White chanderi lehenga set with an antique gold sequin waistband, sweetheart blouse and sheer sequin-edged dupatta for festive wear. Sizes S to XXL.",White,Chanderi,Sweetheart neck,Short sleeve,Female,Adults,15-100 years,Flared,Embellished,Floor length,,Dry clean only,"1 Blouse, 1 Lehenga, 1 Dupatta",Flared,Antique Gold Sequin & Handwork,India,g,draft,female,adult,"<p>A cropped white blouse and a full flared chanderi skirt, joined by wide antique gold sequin banding that catches the light with every step. The sequin rows run across the blouse hem and the skirt waistband, while the sheer georgette dupatta is scattered with tiny gold dots and edged in matching sequin trim. Made for sangeet evenings, mehendi mornings and festive gatherings where you want the shine kept to one clean line.</p>
<ul>
<li>Cropped blouse with a sweetheart neckline outlined in antique gold sequin trim</li>
<li>Short sleeves finished with an antique gold sequin band at the hem</li>
<li>Open back with a tie-up dori and ivory tassels</li>
<li>Chevron sequin panel across the blouse hem</li>
<li>Floor-length gathered chanderi skirt with a wide antique gold sequin waistband</li>
<li>Ten metres of flare through the skirt</li>
<li>Sheer ivory georgette dupatta with scattered gold sequin dots and a sequin border</li>
</ul>
<p><strong>Set includes:</strong> Blouse, lehenga skirt and dupatta.</p>",
sitara-ivory-georgette-lehenga-set,,,,,,,,Size,M,VPS-G17-M,800,shopify,0,14998,<BASE_URL>/sitara-ivory-georgette-lehenga-set-02-side.jpg,DSC08928 copy.jpg,side,2,Kumudini White Chanderi Lehenga Set - full length side view,,,,,,,,,,,,,,,,,,,g,draft,,,,
sitara-ivory-georgette-lehenga-set,,,,,,,,Size,L,VPS-G17-L,800,shopify,0,14998,<BASE_URL>/sitara-ivory-georgette-lehenga-set-03-overall.jpg,DSC08925 copy.jpg,overall,3,Kumudini White Chanderi Lehenga Set - full length front view with skirt draped,,,,,,,,,,,,,,,,,,,g,draft,,,,
sitara-ivory-georgette-lehenga-set,,,,,,,,Size,XL,VPS-G17-XL,800,shopify,0,14998,<BASE_URL>/sitara-ivory-georgette-lehenga-set-04-back.jpg,DSC08920 copy.jpg,back,4,Kumudini White Chanderi Lehenga Set - back view showing tie-up dori and tassels,,,,,,,,,,,,,,,,,,,g,draft,,,,
sitara-ivory-georgette-lehenga-set,,,,,,,,Size,XXL,VPS-G17-XXL,800,shopify,0,14998,<BASE_URL>/sitara-ivory-georgette-lehenga-set-05-detail.jpg,DSC08935 copy.jpg,detail,5,Kumudini White Chanderi Lehenga Set - close view of blouse and sequin waistband,,,,,,,,,,,,,,,,,,,g,draft,,,,
saanjh-powder-blue-chiffon-saree,,Moon Powder Blue Organza Saree,VIPASI,aa-1-23-2-1,Saree (2 pc),"2 Pc Set, Saree, Festive, Wedding, Mehendi, Powder Blue, Organza, Sequin work, Draped",False,Size,S,VPS-G18-S,700,shopify,0,10889,<BASE_URL>/saanjh-powder-blue-chiffon-saree-01-front.jpg,DSC08945 copy.jpg,front,1,Moon Powder Blue Organza Saree - full length front view,Moon Powder Blue Organza Saree | VIPASI,"Powder blue organza saree with white bird and leaf sequin motifs and a slim sequin border, plus 1 metre of matching blouse fabric. Sizes S to XXL.",Powder Blue,Organza,Square neck,Sleeveless,Female,Adults,15-100 years,Regular,Floral,,,Dry clean only,"1 Saree, 1 Metre Unstitched Blouse Fabric",Draped,Sequin work,India,g,draft,female,adult,"<p>A powder blue organza saree in a soft, sheer drape, with small white bird and leaf motifs in sequin work scattered across the length. Fine sequin dots run through the ground and a slim sequin line follows the border. It suits day weddings, mehendi mornings and family celebrations where you want something quiet rather than heavy.</p>
<ul>
<li>Sheer organza saree with a soft, fluid drape</li>
<li>White bird and leaf motifs in sequin work, scattered across the body and pallu</li>
<li>Slim sequin border along the edge, with sequin dots through the ground</li>
<li>Pallu draped over the shoulder and left loose</li>
<li>Comes with 1 metre of matching blouse fabric for a custom blouse</li>
</ul>
<p><strong>Set includes:</strong> 1 saree and 1 metre of unstitched blouse fabric.</p>",
saanjh-powder-blue-chiffon-saree,,,,,,,,Size,M,VPS-G18-M,700,shopify,0,10889,<BASE_URL>/saanjh-powder-blue-chiffon-saree-02-side.jpg,DSC08950 copy.jpg,side,2,Moon Powder Blue Organza Saree - full length angled view,,,,,,,,,,,,,,,,,,,g,draft,,,,
saanjh-powder-blue-chiffon-saree,,,,,,,,Size,L,VPS-G18-L,700,shopify,0,10889,<BASE_URL>/saanjh-powder-blue-chiffon-saree-03-overall.jpg,DSC08944 copy.jpg,overall,3,Moon Powder Blue Organza Saree - front view of draped saree and blouse,,,,,,,,,,,,,,,,,,,g,draft,,,,
saanjh-powder-blue-chiffon-saree,,,,,,,,Size,XL,VPS-G18-XL,700,shopify,0,10889,<BASE_URL>/saanjh-powder-blue-chiffon-saree-04-back.jpg,DSC08939 copy.jpg,back,4,Moon Powder Blue Organza Saree - back view with pallu held out,,,,,,,,,,,,,,,,,,,g,draft,,,,
saanjh-powder-blue-chiffon-saree,,,,,,,,Size,XXL,VPS-G18-XXL,700,shopify,0,10889,<BASE_URL>/saanjh-powder-blue-chiffon-saree-05-detail.jpg,DSC08948 copy.jpg,detail,5,Moon Powder Blue Organza Saree - close view of pallu drape and shoulder,,,,,,,,,,,,,,,,,,,g,draft,,,,
sunehri-lemon-organza-saree,,Suraj Mukhi Lemon Organza Silk Saree,VIPASI,aa-1-23-2-1,Saree (2 pc),"2 Pc Set, Saree, Festive, Haldi, Mehendi, Lemon Yellow, Organza Silk, Sequin work, Draped",False,Size,S,VPS-G19-S,700,shopify,0,9779,<BASE_URL>/sunehri-lemon-organza-saree-01-front.jpg,DSC08961 copy.jpg,front,1,Suraj Mukhi Lemon Organza Silk Saree - full length front view of the draped saree,Suraj Mukhi Lemon Organza Silk Saree | VIPASI,"Suraj Mukhi lemon yellow organza silk saree with gold sequinned sunflower floral buttis, a zigzag border and 1 metre of unstitched blouse fabric. Sizes S to XXL.",Lemon Yellow,Organza Silk,V-neck,Sleeveless,Female,Adults,15-100 years,Regular,Floral,,,Dry clean only,"1 Saree, 1 Metre Unstitched Blouse Fabric",Draped,Sequin work,India,g,draft,female,adult,"<p>A pale lemon saree in sheer organza silk, light enough to drape and hold its fall. Small gold sequinned sunflower buttis are scattered across the body and the pallu, and a fine gold zigzag trim runs along every edge. It suits haldi mornings, mehendi lunches and daytime wedding functions.</p>
<ul>
<li>Sheer pale lemon organza silk saree with a soft sheen</li>
<li>Gold sequinned sunflower floral buttis scattered across the body and pallu</li>
<li>Narrow gold zigzag trim along the saree border and pallu edge</li>
<li>Pallu draped over one shoulder and left open</li>
<li>Comes with 1 metre of matching blouse fabric for a custom blouse</li>
</ul>
<p><strong>Set includes:</strong> 1 Saree and 1 Metre of Unstitched Blouse Fabric</p>",
sunehri-lemon-organza-saree,,,,,,,,Size,M,VPS-G19-M,700,shopify,0,9779,<BASE_URL>/sunehri-lemon-organza-saree-02-side.jpg,DSC08966 copy.jpg,side,2,Suraj Mukhi Lemon Organza Silk Saree - side view of the pleats and pallu,,,,,,,,,,,,,,,,,,,g,draft,,,,
sunehri-lemon-organza-saree,,,,,,,,Size,L,VPS-G19-L,700,shopify,0,9779,<BASE_URL>/sunehri-lemon-organza-saree-03-overall.jpg,DSC08962 copy.jpg,overall,3,"Suraj Mukhi Lemon Organza Silk Saree - full length front view, turned slightly",,,,,,,,,,,,,,,,,,,g,draft,,,,
sunehri-lemon-organza-saree,,,,,,,,Size,XL,VPS-G19-XL,700,shopify,0,9779,<BASE_URL>/sunehri-lemon-organza-saree-04-back.jpg,DSC08958 copy.jpg,back,4,Suraj Mukhi Lemon Organza Silk Saree - back view showing the pallu,,,,,,,,,,,,,,,,,,,g,draft,,,,
sunehri-lemon-organza-saree,,,,,,,,Size,XXL,VPS-G19-XXL,700,shopify,0,9779,<BASE_URL>/sunehri-lemon-organza-saree-05-detail.jpg,DSC08959 copy.jpg,detail,5,Suraj Mukhi Lemon Organza Silk Saree - full length view of the drape and border,,,,,,,,,,,,,,,,,,,g,draft,,,,
dhoop-marigold-chiffon-saree,,Dhoop Marigold Chiffon Saree,VIPASI,aa-1-23-2-1,Saree (2 pc),"2 Pc Set, Saree, Festive, Haldi, Mehendi, Marigold Orange, Chiffon, Embroidered, Draped, Sleeveless, Halter neck",False,Size,S,VPS-G20-S,700,shopify,0,0,<BASE_URL>/dhoop-marigold-chiffon-saree-01-front.jpg,DSC08980 copy.jpg,front,1,Dhoop Marigold Chiffon Saree - full-length front view,Dhoop Marigold Chiffon Saree | VIPASI,"Marigold orange chiffon saree with scattered gold butis, a scalloped zari edge and a halter blouse. Festive and daytime wear. Sizes S to XXL.",Marigold Orange,Chiffon,Halter neck,Sleeveless,Female,Adults,15-100 years,Regular,Floral,,,Dry clean only,"1 Saree, 1 Blouse",Draped,Embroidered; Zari,India,g,draft,female,adult,"<p>A marigold-orange chiffon saree cut in a light, sheer drape and worn with a matching sleeveless halter blouse. Fine gold flower butis are scattered across the body and pallu, and the scalloped edge is outlined in gold zari, with palm-tree motifs at the pallu corners. It suits haldi mornings, mehendi afternoons and daytime festive gatherings.</p><ul><li>Sheer chiffon saree in a warm marigold orange</li><li>Small gold flower butis scattered over the body and pallu</li><li>Scalloped side and pallu edge finished with a fine gold zari outline</li><li>Gold palm-tree motifs worked into the pallu corners</li><li>Halter-neck blouse with a scalloped, gold-trimmed V front</li><li>Open back with a halter tie at the neck</li></ul><p><strong>Set includes:</strong> 1 Saree and 1 Blouse</p>",
dhoop-marigold-chiffon-saree,,,,,,,,Size,M,VPS-G20-M,700,shopify,0,0,<BASE_URL>/dhoop-marigold-chiffon-saree-02-side.jpg,DSC08989 copy.jpg,side,2,Dhoop Marigold Chiffon Saree - full-length side view,,,,,,,,,,,,,,,,,,,g,draft,,,,
dhoop-marigold-chiffon-saree,,,,,,,,Size,L,VPS-G20-L,700,shopify,0,0,<BASE_URL>/dhoop-marigold-chiffon-saree-03-overall.jpg,DSC08978 copy.jpg,overall,3,Dhoop Marigold Chiffon Saree - full-length front view with pallu over the shoulder,,,,,,,,,,,,,,,,,,,g,draft,,,,
dhoop-marigold-chiffon-saree,,,,,,,,Size,XL,VPS-G20-XL,700,shopify,0,0,<BASE_URL>/dhoop-marigold-chiffon-saree-04-back.jpg,DSC08977 copy.jpg,back,4,Dhoop Marigold Chiffon Saree - back view with the pallu held out,,,,,,,,,,,,,,,,,,,g,draft,,,,
dhoop-marigold-chiffon-saree,,,,,,,,Size,XXL,VPS-G20-XXL,700,shopify,0,0,<BASE_URL>/dhoop-marigold-chiffon-saree-05-detail.jpg,DSC08990 copy.jpg,detail,5,Dhoop Marigold Chiffon Saree - halter neckline and waist drape detail,,,,,,,,,,,,,,,,,,,g,draft,,,,
sahar-blush-peach-georgette-anarkali-set,,Sufiyana Blush Peach Maslin Anarkali Set,VIPASI,aa-1-23-10,Anarkali Set (3 pc),"3 Pc Set, Anarkali Set, Festive, Mehendi, Wedding, Blush Peach, Maslin, Plain, Flared, Full Sleeve, Square neck",False,Size,S,VPS-G21-S,800,shopify,0,6900,<BASE_URL>/sahar-blush-peach-georgette-anarkali-set-01-front.jpg,DSC09003 copy.jpg,front,1,Sufiyana Blush Peach Maslin Anarkali Set - full length front view,Sufiyana Blush Peach Maslin Anarkali Set | VIPASI,Blush peach maslin anarkali set with a mint green zari-bordered chiffon dupatta and beige churidar. Festive occasion wear. Sizes S to XXL.,Blush Peach,Maslin,Square neck,Long sleeve,Female,Adults,15-100 years,Flared,Solid,Floor length,Full length,Dry clean only,"1 Anarkali, 1 Churidar, 1 Dupatta",Flared,Plain; Zari; Hand Embroidery,India,g,draft,female,adult,"<p>A blush peach anarkali set cut in soft, lightweight maslin, with a fitted bodice and a deeply gathered skirt that falls to the ankle. The kurta is left plain so the mint green dupatta carries the detail, with a wide gold zari border, coral piping and small gold butis scattered across the chiffon. Made for mehendi mornings, family functions and daytime wedding events.</p><ul><li>Anarkali kurta in pure maslin with a fitted, panelled bodice and full gathered flare</li><li>Square neckline with a deep scooped back and a tie-up dori at the nape</li><li>Full sleeves gathered into soft ruching at the wrist</li><li>Mint green chiffon dupatta with a gold zari lace border, coral piping and gold buti motifs</li><li>Delicate hand embroidery worked on the dupatta</li><li>Gold tissue panels across the dupatta ends</li><li>Beige churidar with gathered ankles</li></ul><p><strong>Set includes:</strong> 1 Anarkali kurta, 1 churidar and 1 dupatta.</p>",
sahar-blush-peach-georgette-anarkali-set,,,,,,,,Size,M,VPS-G21-M,800,shopify,0,6900,<BASE_URL>/sahar-blush-peach-georgette-anarkali-set-02-side.jpg,DSC09006 copy.jpg,side,2,Sufiyana Blush Peach Maslin Anarkali Set - three quarter front view with churidar,,,,,,,,,,,,,,,,,,,g,draft,,,,
sahar-blush-peach-georgette-anarkali-set,,,,,,,,Size,L,VPS-G21-L,800,shopify,0,6900,<BASE_URL>/sahar-blush-peach-georgette-anarkali-set-03-overall.jpg,DSC09000 copy.jpg,overall,3,Sufiyana Blush Peach Maslin Anarkali Set - front view with dupatta draped over one shoulder,,,,,,,,,,,,,,,,,,,g,draft,,,,
sahar-blush-peach-georgette-anarkali-set,,,,,,,,Size,XL,VPS-G21-XL,800,shopify,0,6900,<BASE_URL>/sahar-blush-peach-georgette-anarkali-set-04-back.jpg,DSC08994 copy.jpg,back,4,Sufiyana Blush Peach Maslin Anarkali Set - back view with tie up dori at the nape,,,,,,,,,,,,,,,,,,,g,draft,,,,
sahar-blush-peach-georgette-anarkali-set,,,,,,,,Size,XXL,VPS-G21-XXL,800,shopify,0,6900,<BASE_URL>/sahar-blush-peach-georgette-anarkali-set-05-detail.jpg,DSC09010 copy.jpg,detail,5,Sufiyana Blush Peach Maslin Anarkali Set - front view showing the zari bordered dupatta,,,,,,,,,,,,,,,,,,,g,draft,,,,
kesari-rust-chanderi-anarkali-set,,Madhuwala Marigold Chanderi Anarkali Set,VIPASI,aa-1-23-10,Anarkali Set (3 pc),"3 Pc Set, Anarkali Set, Festive, Wedding, Mehendi, Marigold, Chanderi, Embroidered, Flared, 3/4 Sleeve, Round neck",False,Size,S,VPS-G22-S,800,shopify,0,9650,<BASE_URL>/kesari-rust-chanderi-anarkali-set-01-front.jpg,DSC09026 copy.jpg,front,1,Madhuwala Marigold Chanderi Anarkali Set - full length front view,Madhuwala Marigold Chanderi Anarkali Set | VIPASI,Marigold Chanderi anarkali set with gold zari trims and a sheer sage green organza silk dupatta with a woven gold border. Sizes S to XXL.,Marigold,Chanderi,Round neck; Keyhole,Three-quarter sleeve,Female,Adults,15-100 years,Flared,Buti,Floor length,Full length,Dry clean only,"1 Anarkali, 1 Churidar, 1 Dupatta",Flared,Embroidered; Gota patti; Zari; Handwork,India,g,draft,female,adult,"<p>A floor-length anarkali set in marigold, cut with a deep gathered flare that moves as you walk. The round yoke is scattered with small gold buti motifs and outlined in fine zari scallop work, while the sage green organza silk dupatta carries a woven gold border. It suits festive lunches, mehendi mornings and family weddings.</p>
<ul>
<li>Floor-length Chanderi anarkali kurta, fitted through the yoke and heavily gathered from the waist</li>
<li>Round scoop neckline finished with hand-worked gold gota piping and a small centre-front slit</li>
<li>Three-quarter sleeves with hand-worked zari and sequin embroidery banded at the cuffs</li>
<li>Scattered gold buti motifs across the yoke</li>
<li>Sage green churidar, gathered at the ankle</li>
<li>Sheer sage green organza silk dupatta, hand-worked with a woven gold zari border and gota edging</li>
</ul>
<p><strong>Set includes:</strong> Anarkali kurta, churidar and dupatta.</p>",
kesari-rust-chanderi-anarkali-set,,,,,,,,Size,M,VPS-G22-M,800,shopify,0,9650,<BASE_URL>/kesari-rust-chanderi-anarkali-set-02-side.jpg,DSC09029 copy.jpg,side,2,Madhuwala Marigold Chanderi Anarkali Set - three quarter view,,,,,,,,,,,,,,,,,,,g,draft,,,,
kesari-rust-chanderi-anarkali-set,,,,,,,,Size,L,VPS-G22-L,800,shopify,0,9650,<BASE_URL>/kesari-rust-chanderi-anarkali-set-03-overall.jpg,DSC09019 copy.jpg,overall,3,Madhuwala Marigold Chanderi Anarkali Set - front view with dupatta draped over one shoulder,,,,,,,,,,,,,,,,,,,g,draft,,,,
kesari-rust-chanderi-anarkali-set,,,,,,,,Size,XL,VPS-G22-XL,800,shopify,0,9650,<BASE_URL>/kesari-rust-chanderi-anarkali-set-04-back.jpg,DSC09033 copy.jpg,back,4,"Madhuwala Marigold Chanderi Anarkali Set - close up of neckline, yoke embroidery and sleeve cuff",,,,,,,,,,,,,,,,,,,g,draft,,,,
kesari-rust-chanderi-anarkali-set,,,,,,,,Size,XXL,VPS-G22-XXL,800,shopify,0,9650,<BASE_URL>/kesari-rust-chanderi-anarkali-set-05-detail.jpg,DSC09018 copy.jpg,detail,5,Madhuwala Marigold Chanderi Anarkali Set - front view,,,,,,,,,,,,,,,,,,,g,draft,,,,